{
    "rmse": 0.7913909750409851,
    "mae": 0.6462410375699793,
    "r2": 0.021014780720685633
}