{
    "rmse": 0.8157950796560518,
    "mae": 0.6668433347220286,
    "r2": 0.01687309766723777
}