{
    "rmse": 0.686756875842188,
    "mae": 0.5400826976563636,
    "r2": 0.3145836266290911
}