{
    "rmse": 0.8154278834789397,
    "mae": 0.6480783700699511,
    "r2": 0.13169973797141044
}